{"cameraMode":{"drawMode":0,"name":"Shaded","section":"Shading Mode"},"sceneLighting":true,"audioPlay":false,"sceneViewState":{"showFog":true,"showMaterialUpdate":false,"showSkybox":true,"showFlares":true,"showImageEffects":true,"showParticleSystems":true},"in2DMode":false,"pivot":{"x":-0.4749999940395355,"y":-2.549999952316284,"z":0.0},"rotation":{"x":0.09734532237052918,"y":-0.0014927564188838006,"z":0.0001463716762373224,"w":0.9952495694160461},"size":12.616366386413575,"orthographic":true}